snapshot_number,elapsed_time
1,106.13461017608643
2,106.14216232299805
3,136.32453417778015
4,106.19395470619202
5,121.15927529335022
6,106.23158955574036
7,122.02734017372131
8,121.31629538536072
9,121.43685007095337
10,106.21552038192749